"patch_id,""area_ha"",""enn_m"""
277,54.4443851198759,0
14418,107.918028566661,0
17889,4285.49495666646,0
18291,77.2774758042962,0
19741,81.6462188154175,0
23649,78.3252459533317,0
32066,351.489322787422,0
32377,1368.80835392167,0
34348,3272.2589426356,0
36378,599.223765302701,0
36394,83.4701261416914,0
36822,282.577388729229,0
37885,1124.45006695359,0
38737,613.026809761839,0
39326,450.434427810853,0
39505,2886.6984832943,0
39925,157.154521797684,0
40281,849.542565587492,0
40976,467.65166265577,0
41524,94.7742688450947,0
42145,94.8421773338897,0
43145,1890.77839797962,0
48855,397.911216930696,0
49591,291.333548845197,0
50016,58.9443661302499,0
50279,67.1934069435226,0
50931,100.49085439203,0
50990,157.302245408046,0
51177,80.6973069337092,0
51521,112.497545011817,0
54071,2781.6869344202,0
55390,697.119115803653,0
55526,139.0198652027,0
58329,1237.92877530584,0
60827,234.188254876935,0
62509,685.129081328388,0
62568,2722.65654365313,0
63076,321.467056652738,0
66336,406.383318145899,0
67801,76.9622454089712,0
68220,358.304386072517,0
68290,935.980165238478,0
68462,83.2148327823754,0
71017,222.44889492579,0
71163,652.392600821992,0
71274,173.65505911873,0
71297,295.759351448034,0
71322,237.224862222608,0
71353,126.800352111661,0
71394,333.962976715978,0
71998,477.928572337133,0
72130,326.586527707555,0
72141,304.676102234813,0
72224,163.85302996414,0
74089,492.121798392522,0
74613,4606.91768852393,0
76132,241.582763270574,0
79294,191.259492667041,0
79514,86.3317258151769,0
79528,405.570031612969,0
79533,57.6552596006906,0
79676,282.374544439743,0
79716,1788.70477322521,0
80081,64.136502300796,0
80138,303.096350088368,0
80253,118.877756988889,0
81200,1131.43755158521,0
81658,2207.99449850445,0
82906,67.1252630575035,0
84297,1635.34078163679,0
84349,1117.17479741839,0
85231,2203.40278287274,0
86536,1824.2044696888,0
87151,643.18377079188,0
87543,576.135240973551,0
88733,449.841924471884,0
88924,1835.7278540393,0
88962,340.396084256382,0
88996,4698.70014069362,0
89159,90.2314195882857,0
89464,2877.35355127474,0
91399,115.422757709131,0
91481,1063.60008226366,0
91494,96.2575802039765,0
91737,1499.55168695413,0
91889,115.845133619505,0
92635,4880.96706154924,0
92935,6393.57673270056,0
93569,490.20816968902,0
97052,61.4303210122516,0
102090,424.32081245103,0
107280,290.310688863403,0
107611,740.308070108594,0
81698,52.3027488644622,8.00856931693852
83402,3222.9115976552,8.00856931861199
84609,56.0886312921355,8.00856931861199
15443,758.739243189661,8.00856931861927
26952,51.1995933933113,8.00856931861927
57420,1022.47055561334,8.00856931861927
21645,200.18723555364,8.00856931862654
24624,1096.80113533249,8.00856931862654
36829,62.9988660211091,8.00856931862654
37033,499.743631715221,8.00856931862654
42606,659.197316068773,8.00856931862654
46886,66.0080873202514,8.00856931862654
52166,218.11104997218,8.00856931862654
70422,965.722100061464,8.00856931862654
71486,73.7299724021036,8.00856931862654
74319,72.365843568706,8.00856931862654
84127,100.508600694142,8.00856931862654
86336,161.322147900673,8.00856931862654
86359,65.6857089134128,8.00856931862654
1407,119.643621871639,8.00856931880116
10924,178.194573703054,8.00856931880116
12663,78.6878031594084,8.00856931880116
16700,304.959975895743,8.00856931880116
17218,318.788858307744,8.00856931880116
28583,774.568176358378,8.00856931880116
33744,94.9931305709683,8.00856931880116
48357,92.5574585983302,8.00856931880116
48608,54.104134912269,8.00856931880116
52201,81.3975846397284,8.00856931880116
60856,822.227225819369,8.00856931880116
61014,59.596440954656,8.00856931880116
61704,500.751676807725,8.00856931880116
65591,319.570015516978,8.00856931880116
74890,272.10067828536,8.00856931880116
78919,215.243448110488,8.00856931880116
82735,135.733836851747,8.00856931880116
5347,349.653006087336,16.0171386357397
37425,456.86469009395,16.0171386357397
50062,52.097660123672,16.0171386357397
55027,991.192688744899,16.0171386357397
67004,268.877293244005,16.0171386357397
12112,132.873512742095,16.017138637224
41458,185.703637696937,16.0171386372385
46332,498.157639195275,16.0171386372385
49318,50.2350002609095,16.0171386372385
72984,251.88426255009,16.0171386372385
69233,71.1525695712216,16.0171386372458
92513,2951.26013197517,16.0171386372458
1637,141.286452476497,16.0171386372531
10116,1572.28866524251,16.0171386372531
11790,62.4639641253613,16.0171386372531
23492,220.058910656578,16.0171386372531
48922,82.1213820033777,16.0171386372531
49293,83.5660074291181,16.0171386372531
54189,223.625928599161,16.0171386372531
55263,510.20881789309,16.0171386372531
57101,365.595716811522,16.0171386372531
71286,208.025970667814,16.0171386372531
74507,65.467353965385,16.0171386372531
87931,1050.05552852297,16.0171386372531
90680,61.7617513245948,16.0171386372531
4,837.0665039505,16.0171386376023
9311,128.406893402467,16.0171386376023
11311,862.228006702315,16.0171386376023
15718,358.932185515856,16.0171386376023
28699,142.402900782483,16.0171386376023
33237,87.6045666202905,16.0171386376023
34622,738.435363422651,16.0171386376023
35415,115.940451577731,16.0171386376023
36597,72.9242269108981,16.0171386376023
47401,250.755427122628,16.0171386376023
56692,154.547156238122,16.0171386376023
59161,109.490528576797,16.0171386376023
59474,116.075603196344,16.0171386376023
60024,67.842751739669,16.0171386376023
61623,100.6718457079,16.0171386376023
65742,96.6083994218677,16.0171386376023
77454,315.880535710898,16.0171386376023
82222,121.10797884724,16.0171386376023
85665,201.783239221303,16.0171386376023
89605,470.628491115857,16.0171386376023
89827,166.728851319822,16.0171386376023
25051,166.993458615848,17.9077053976145
59751,128.783900961431,17.9077053976145
63715,112.95697030384,17.9077053976145
56711,130.090934119466,17.9077053990397
91503,59.4714229296521,17.9077053990397
1775,174.391111321902,17.9077053990462
31158,589.646125049917,17.9077053990462
34584,64.104070263484,17.9077053990462
62074,255.219509766097,17.9077053990462
62368,60.8772572377293,17.9077053990462
64461,86.4478123625414,17.9077053990462
70554,93.0393103408642,17.9077053992772
70901,87.9951139289313,17.9077053992772
11659,95.3431540028895,17.9077053992805
34696,68.6532917330285,17.9077053992805
49146,64.7411821994395,17.9077053992805
69062,197.016736403244,17.9077053992805
74025,132.57695775732,17.9077053992805
77166,693.035062194842,22.6516546901381
82586,983.717184791697,22.6516546901381
9838,55.5891049356898,22.6516546901433
88766,143.700588211272,22.6516546901433
27339,828.443932998442,22.6516546914501
84757,54.3369709540523,22.6516546914501
21568,198.220548742598,22.6516546914552
55122,77.128831233253,22.6516546914552
80985,110.652752704451,22.6516546914552
26629,336.53181165762,22.6516546914604
35040,464.124163701428,22.6516546914604
43361,259.564611280813,22.6516546914604
65908,72.9735927214531,22.6516546914604
71324,215.55215759849,22.6516546914604
92261,154.73137473915,22.6516546914604
28064,79.6113528652417,24.0257079545408
28749,122.625810465114,24.0257079545408
33869,199.056406940326,24.0257079545408
37792,84.6906439034664,24.0257079545408
50199,1045.0214350759,24.0257079545408
55360,575.555494606405,24.0257079545408
59142,51.7247225643589,24.0257079545408
67965,657.87401504415,24.0257079545408
79171,416.942737027711,24.0257079545408
2042,216.871452986077,24.0257079545408
3079,94.1225950673804,24.0257079545408
3355,584.54496873567,24.0257079545408
3395,160.3297046027,24.0257079545408
4037,57.6756171761956,24.0257079545408
6479,322.485680939329,24.0257079545408
8536,164.771802728647,24.0257079545408
14970,55.3970404686683,24.0257079545408
15733,62.9319420299487,24.0257079545408
20719,975.477258712243,24.0257079545408
21848,66.0771428976271,24.0257079545408
26950,194.243192534905,24.0257079545408
27862,53.9688664738112,24.0257079545408
28946,309.56125274212,24.0257079545408
29473,101.05240969527,24.0257079545408
30628,62.3416837529758,24.0257079545408
30902,97.5076043273526,24.0257079545408
31402,114.488186733201,24.0257079545408
31666,294.814790629476,24.0257079545408
33268,59.6102049943418,24.0257079545408
34883,311.781171389256,24.0257079545408
36365,262.34566767181,24.0257079545408
37475,170.006046592763,24.0257079545408
37902,72.2851781043648,24.0257079545408
38198,76.2401915305134,24.0257079545408
38320,58.8198976622519,24.0257079545408
38389,175.917888098769,24.0257079545408
38539,93.7923038795105,24.0257079545408
38677,88.3715976079097,24.0257079545408
42440,164.941011727868,24.0257079545408
42545,60.0510382066002,24.0257079545408
42884,165.527716508581,24.0257079545408
45218,269.800588251937,24.0257079545408
48493,61.0732347105457,24.0257079545408
48535,58.3163724920736,24.0257079545408
48700,239.420389201915,24.0257079545408
49843,57.3754482268542,24.0257079545408
51490,85.5443853208456,24.0257079545408
52164,68.4990557588542,24.0257079545408
52734,74.9661680833956,24.0257079545408
53017,81.1303835928433,24.0257079545408
53113,160.216549951156,24.0257079545408
54303,128.937167416394,24.0257079545408
54409,286.930733616035,24.0257079545408
54981,524.365641875215,24.0257079545408
55301,103.931986837362,24.0257079545408
55373,69.5150815183302,24.0257079545408
55596,177.139366884259,24.0257079545408
55848,146.774721935475,24.0257079545408
59718,76.3880734215367,24.0257079545408
60283,70.887811917028,24.0257079545408
62025,97.9341930160445,24.0257079545408
63061,195.889878886411,24.0257079545408
67544,132.283157484296,24.0257079545408
67804,226.105711785786,24.0257079545408
68522,81.475943102573,24.0257079545408
68774,232.519253323409,24.0257079545408
69034,56.1896240280828,24.0257079545408
69970,54.547901800165,24.0257079545408
70963,67.2923341386424,24.0257079545408
71079,156.718140310561,24.0257079545408
72951,295.242209514407,24.0257079545408
73326,107.805533139823,24.0257079545408
74376,79.1378564559338,24.0257079545408
75025,139.790699949312,24.0257079545408
76036,55.9784467604664,24.0257079545408
76757,490.961627590625,24.0257079545408
77359,65.3088004792164,24.0257079545408
77380,277.771285867291,24.0257079545408
77820,234.344234857838,24.0257079545408
78225,89.6049470250129,24.0257079545408
78555,152.25348447363,24.0257079545408
78664,624.410153779778,24.0257079545408
79126,56.9323940295607,24.0257079545408
81437,63.4332339592218,24.0257079545408
82149,153.855888750471,24.0257079545408
82154,65.1382499968177,24.0257079545408
82217,72.2517962925163,24.0257079545408
82614,134.59557589405,24.0257079545408
82750,54.3514978860249,24.0257079545408
83487,73.789455076839,24.0257079545408
84401,52.2371563843499,24.0257079545408
84441,93.9966303930328,24.0257079545408
84854,100.948851914131,24.0257079545408
84988,329.920328546497,24.0257079545408
87834,71.1310256528502,24.0257079545408
88404,78.5705813417544,24.0257079545408
90509,784.546126368348,24.0257079545408
90590,114.179111947002,24.0257079545408
90930,234.264605262512,24.0257079545408
92185,60.133515643902,24.0257079545408
94351,700.726904347557,24.0257079545408
33745,131.599413021649,24.0257079545409
65265,112.443678179796,24.0257079545409
26172,90.39044983988,24.0257079558505
19464,106.537886374354,24.0257079558505
36407,90.1642639793812,24.0257079558505
43522,70.2277429805866,24.0257079558505
53954,88.9525380970707,24.0257079558505
413,129.494222836489,24.0257079558651
21313,50.5988621449386,24.0257079558651
64483,53.4471800683766,24.0257079558651
331,66.8874975895002,24.0257079558651
17019,61.1419911243666,24.0257079558651
23174,163.054953205458,24.0257079558651
33703,57.9017184799034,24.0257079558651
65681,79.2762502208897,24.0257079558651
75184,50.2222511541072,24.0257079558651
12833,62.3605106417302,24.0257079558723
77506,111.957947482487,24.0257079558723
79516,164.403151973664,24.0257079558723
81456,51.7205369902461,24.0257079558723
82753,81.6056178731002,24.0257079558723
85864,54.3555403014542,24.0257079558723
6652,92.3988902909926,24.0257079558723
13756,172.016187375626,24.0257079558723
26489,77.6738538194414,24.0257079558723
29731,50.7533094348203,24.0257079558723
40048,51.3512010000974,24.0257079558723
52862,103.315547956817,24.0257079558723
55113,76.8524541356365,24.0257079558723
58144,51.2405753409863,24.0257079558723
63711,136.231174332497,24.0257079558723
75041,68.8104280714928,24.0257079558723
75740,60.935653079199,24.0257079558723
79210,112.536405207591,24.0257079558723
82491,131.244177554728,24.0257079558723
85,62.5117137613436,24.0257079558796
34734,61.5482071953231,24.0257079558796
37111,50.9297130274148,24.0257079558796
52741,137.196452769777,24.0257079558796
65499,52.8856611190037,24.0257079558796
77257,51.5276186303647,24.0257079558796
84433,92.9433497266127,24.0257079558796
2924,65.8299456422846,24.0257079558796
11855,60.1702641449878,24.0257079558796
13049,218.576759764038,24.0257079558796
15278,104.533228106068,24.0257079558796
18379,59.2838536108625,24.0257079558796
21058,50.2910660823875,24.0257079558796
23828,51.6818771016927,24.0257079558796
36393,54.3017877574505,24.0257079558796
37674,107.282213785019,24.0257079558796
48468,66.4962579498156,24.0257079558796
50322,52.5405827261188,24.0257079558796
53600,51.2668469450644,24.0257079558796
53715,109.346049058425,24.0257079558796
54368,158.895653439077,24.0257079558796
63161,103.480114806129,24.0257079558796
84845,60.6148482185049,24.0257079558796
38569,89.9857525931113,24.0257079564035
48064,91.4795893344738,24.0257079564035
67435,158.31286917822,24.0257079564035
73926,66.2288122307426,24.0257079564035
78772,186.854372053234,24.0257079564035
17260,51.3590402738561,28.8753073216094
70610,54.0796090372446,32.034277273342
81377,85.4155905109664,32.034277273342
19463,207.932753130056,32.0342772745062
65766,136.443658997709,32.0342772745062
17603,55.2773881750623,33.9774820371906
